[
  {
    "zip_code": "28202",
    "neighborhoods": "Uptown, Fourth Ward",
    "suburbs": null,
    "villages": null,
    "towns": null,
    "city": "Charlotte",
    "county": "Mecklenburg",
    "state": "NC"
  },
  {
    "zip_code": "28203",
    "neighborhoods": "South End, Dilworth",
    "suburbs": null,
    "villages": null,
    "towns": null,
    "city": "Charlotte",
    "county": "Mecklenburg",
    "state": "NC"
  },
  {
    "zip_code": "28204",
    "neighborhoods": "Elizabeth, Plaza Midwood",
    "suburbs": null,
    "villages": null,
    "towns": null,
    "city": "Charlotte",
    "county": "Mecklenburg",
    "state": "NC"
  },
  {
    "zip_code": "28205",
    "neighborhoods": "Plaza Midwood, NoDa",
    "suburbs": null,
    "villages": null,
    "towns": null,
    "city": "Charlotte",
    "county": "Mecklenburg",
    "state": "NC"
  },
  {
    "zip_code": "28207",
    "neighborhoods": "Myers Park, Eastover",
    "suburbs": null,
    "villages": null,
    "towns": null,
    "city": "Charlotte",
    "county": "Mecklenburg",
    "state": "NC"
  },
  {
    "zip_code": "28209",
    "neighborhoods": "SouthPark",
    "suburbs": null,
    "villages": null,
    "towns": null,
    "city": "Charlotte",
    "county": "Mecklenburg",
    "state": "NC"
  },
  {
    "zip_code": "28210",
    "neighborhoods": "SouthPark",
    "suburbs": null,
    "villages": null,
    "towns": null,
    "city": "Charlotte",
    "county": "Mecklenburg",
    "state": "NC"
  },
  {
    "zip_code": "28211",
    "neighborhoods": "Cotswold, SouthPark",
    "suburbs": null,
    "villages": null,
    "towns": null,
    "city": "Charlotte",
    "county": "Mecklenburg",
    "state": "NC"
  },
  {
    "zip_code": "28212",
    "neighborhoods": "East Charlotte",
    "suburbs": null,
    "villages": null,
    "towns": null,
    "city": "Charlotte",
    "county": "Mecklenburg",
    "state": "NC"
  },
  {
    "zip_code": "28213",
    "neighborhoods": "University City",
    "suburbs": null,
    "villages": null,
    "towns": null,
    "city": "Charlotte",
    "county": "Mecklenburg",
    "state": "NC"
  },
  {
    "zip_code": "28214",
    "neighborhoods": "Mountain Island Lake",
    "suburbs": null,
    "villages": null,
    "towns": null,
    "city": "Charlotte",
    "county": "Mecklenburg",
    "state": "NC"
  },
  {
    "zip_code": "28215",
    "neighborhoods": "Northeast Charlotte",
    "suburbs": null,
    "villages": null,
    "towns": null,
    "city": "Charlotte",
    "county": "Mecklenburg",
    "state": "NC"
  },
  {
    "zip_code": "28216",
    "neighborhoods": "Northwest Charlotte",
    "suburbs": null,
    "villages": null,
    "towns": null,
    "city": "Charlotte",
    "county": "Mecklenburg",
    "state": "NC"
  },
  {
    "zip_code": "28217",
    "neighborhoods": "Airport area, Arrowood",
    "suburbs": null,
    "villages": null,
    "towns": null,
    "city": "Charlotte",
    "county": "Mecklenburg",
    "state": "NC"
  },
  {
    "zip_code": "28226",
    "neighborhoods": "Providence area, Arboretum",
    "suburbs": null,
    "villages": null,
    "towns": null,
    "city": "Charlotte",
    "county": "Mecklenburg",
    "state": "NC"
  },
  {
    "zip_code": "28262",
    "neighborhoods": "University City",
    "suburbs": "University City",
    "villages": null,
    "towns": null,
    "city": "Charlotte",
    "county": "Mecklenburg",
    "state": "NC"
  },
  {
    "zip_code": "28269",
    "neighborhoods": "University City",
    "suburbs": "University City",
    "villages": null,
    "towns": null,
    "city": "Charlotte",
    "county": "Mecklenburg",
    "state": "NC"
  },
  {
    "zip_code": "28270",
    "neighborhoods": "Southeast Charlotte",
    "suburbs": null,
    "villages": null,
    "towns": "Mint Hill",
    "city": "Charlotte",
    "county": "Mecklenburg",
    "state": "NC"
  },
  {
    "zip_code": "28273",
    "neighborhoods": "Steele Creek",
    "suburbs": "Steele Creek",
    "villages": null,
    "towns": null,
    "city": "Charlotte",
    "county": "Mecklenburg",
    "state": "NC"
  },
  {
    "zip_code": "28277",
    "neighborhoods": "Ballantyne, Blakeney",
    "suburbs": "Ballantyne",
    "villages": null,
    "towns": null,
    "city": "Charlotte",
    "county": "Mecklenburg",
    "state": "NC"
  },
  {
    "zip_code": "28278",
    "neighborhoods": "Steele Creek, Lake Wylie area",
    "suburbs": "Steele Creek",
    "villages": null,
    "towns": null,
    "city": "Charlotte",
    "county": "Mecklenburg",
    "state": "NC"
  },
  {
    "zip_code": "28280",
    "neighborhoods": null,
    "suburbs": null,
    "villages": null,
    "towns": null,
    "city": "Charlotte",
    "county": "Mecklenburg",
    "state": "NC"
  },
  {
    "zip_code": "28282",
    "neighborhoods": null,
    "suburbs": null,
    "villages": null,
    "towns": null,
    "city": "Charlotte",
    "county": "Mecklenburg",
    "state": "NC"
  },
  {
    "zip_code": "28012",
    "neighborhoods": null,
    "suburbs": null,
    "villages": null,
    "towns": "Bessemer City",
    "city": null,
    "county": "Gaston",
    "state": "NC"
  },
  {
    "zip_code": "28025",
    "neighborhoods": null,
    "suburbs": null,
    "villages": null,
    "towns": "Concord",
    "city": null,
    "county": "Cabarrus",
    "state": "NC"
  },
  {
    "zip_code": "28026",
    "neighborhoods": null,
    "suburbs": null,
    "villages": null,
    "towns": "Concord",
    "city": null,
    "county": "Cabarrus",
    "state": "NC"
  },
  {
    "zip_code": "28027",
    "neighborhoods": null,
    "suburbs": null,
    "villages": null,
    "towns": "Concord",
    "city": null,
    "county": "Cabarrus",
    "state": "NC"
  },
  {
    "zip_code": "28031",
    "neighborhoods": null,
    "suburbs": null,
    "villages": null,
    "towns": "Davidson",
    "city": null,
    "county": "Mecklenburg",
    "state": "NC"
  },
  {
    "zip_code": "28036",
    "neighborhoods": null,
    "suburbs": null,
    "villages": null,
    "towns": "Cornelius",
    "city": null,
    "county": "Mecklenburg",
    "state": "NC"
  },
  {
    "zip_code": "28052",
    "neighborhoods": null,
    "suburbs": null,
    "villages": null,
    "towns": "Gastonia",
    "city": null,
    "county": "Gaston",
    "state": "NC"
  },
  {
    "zip_code": "28053",
    "neighborhoods": null,
    "suburbs": null,
    "villages": null,
    "towns": "Gastonia",
    "city": null,
    "county": "Gaston",
    "state": "NC"
  },
  {
    "zip_code": "28054",
    "neighborhoods": null,
    "suburbs": null,
    "villages": null,
    "towns": "Gastonia",
    "city": null,
    "county": "Gaston",
    "state": "NC"
  },
  {
    "zip_code": "28056",
    "neighborhoods": null,
    "suburbs": null,
    "villages": null,
    "towns": "Gastonia",
    "city": null,
    "county": "Gaston",
    "state": "NC"
  },
  {
    "zip_code": "28078",
    "neighborhoods": null,
    "suburbs": null,
    "villages": null,
    "towns": "Huntersville",
    "city": null,
    "county": "Mecklenburg",
    "state": "NC"
  },
  {
    "zip_code": "28080",
    "neighborhoods": null,
    "suburbs": null,
    "villages": null,
    "towns": "Denver",
    "city": null,
    "county": "Lincoln",
    "state": "NC"
  },
  {
    "zip_code": "28081",
    "neighborhoods": null,
    "suburbs": null,
    "villages": null,
    "towns": "Kannapolis",
    "city": null,
    "county": "Cabarrus / Rowan",
    "state": "NC"
  },
  {
    "zip_code": "28083",
    "neighborhoods": null,
    "suburbs": null,
    "villages": null,
    "towns": "Kannapolis",
    "city": null,
    "county": "Cabarrus / Rowan",
    "state": "NC"
  },
  {
    "zip_code": "28092",
    "neighborhoods": null,
    "suburbs": null,
    "villages": null,
    "towns": "Lincolnton",
    "city": null,
    "county": "Lincoln",
    "state": "NC"
  },
  {
    "zip_code": "28104",
    "neighborhoods": "Stallings, Indian Trail, Matthews",
    "suburbs": null,
    "villages": null,
    "towns": "Matthews",
    "city": null,
    "county": "Union / Mecklenburg",
    "state": "NC"
  },
  {
    "zip_code": "28105",
    "neighborhoods": "Downtown Matthews, Matthews Commons",
    "suburbs": null,
    "villages": null,
    "towns": "Matthews",
    "city": null,
    "county": "Mecklenburg",
    "state": "NC"
  },
  {
    "zip_code": "28106",
    "neighborhoods": "Downtown Matthews, Matthews Commons",
    "suburbs": null,
    "villages": null,
    "towns": "Matthews",
    "city": null,
    "county": "Mecklenburg",
    "state": "NC"
  },
  {
    "zip_code": "28110",
    "neighborhoods": "Monroe Historic District",
    "suburbs": null,
    "villages": null,
    "towns": "Monroe, Wesley Chapel",
    "city": null,
    "county": "Union",
    "state": "NC"
  },
  {
    "zip_code": "28111",
    "neighborhoods": "Downtown Monroe, Monroe Historic District",
    "suburbs": null,
    "villages": null,
    "towns": "Monroe, Mineral Springs",
    "city": null,
    "county": "Union",
    "state": "NC"
  },
  {
    "zip_code": "28112",
    "neighborhoods": "Downtown Monroe, Monroe Historic District",
    "suburbs": null,
    "villages": null,
    "towns": "Monroe, Mineral Springs",
    "city": null,
    "county": "Union",
    "state": "NC"
  },
  {
    "zip_code": "28115",
    "neighborhoods": null,
    "suburbs": null,
    "villages": null,
    "towns": "Mooresville",
    "city": null,
    "county": "Iredell",
    "state": "NC"
  },
  {
    "zip_code": "28117",
    "neighborhoods": null,
    "suburbs": null,
    "villages": null,
    "towns": "Mooresville",
    "city": null,
    "county": "Iredell",
    "state": "NC"
  },
  {
    "zip_code": "28120",
    "neighborhoods": null,
    "suburbs": null,
    "villages": null,
    "towns": "Mount Holly",
    "city": null,
    "county": "Gaston",
    "state": "NC"
  },
  {
    "zip_code": "28134",
    "neighborhoods": "Pineville Commons",
    "suburbs": null,
    "villages": null,
    "towns": "Pineville",
    "city": null,
    "county": "Mecklenburg",
    "state": "NC"
  },
  {
    "zip_code": "28144",
    "neighborhoods": null,
    "suburbs": null,
    "villages": null,
    "towns": "Salisbury",
    "city": null,
    "county": "Rowan",
    "state": "NC"
  },
  {
    "zip_code": "28146",
    "neighborhoods": null,
    "suburbs": null,
    "villages": null,
    "towns": "Salisbury",
    "city": null,
    "county": "Rowan",
    "state": "NC"
  },
  {
    "zip_code": "28147",
    "neighborhoods": null,
    "suburbs": null,
    "villages": null,
    "towns": "Salisbury",
    "city": null,
    "county": "Rowan",
    "state": "NC"
  },
  {
    "zip_code": "28159",
    "neighborhoods": null,
    "suburbs": null,
    "villages": null,
    "towns": "Salisbury",
    "city": null,
    "county": "Rowan",
    "state": "NC"
  },
  {
    "zip_code": "28173",
    "neighborhoods": null,
    "suburbs": null,
    "villages": null,
    "towns": "Waxhaw",
    "city": null,
    "county": "Union",
    "state": "NC"
  },
  {
    "zip_code": "28174",
    "neighborhoods": null,
    "suburbs": null,
    "villages": null,
    "towns": "Wingate",
    "city": null,
    "county": "Union",
    "state": "NC"
  },
  {
    "zip_code": "28079",
    "neighborhoods": "Indian Trail, Hemby Bridge",
    "suburbs": null,
    "villages": null,
    "towns": "Indian Trail",
    "city": null,
    "county": "Union",
    "state": "NC"
  },
  {
    "zip_code": "29706",
    "neighborhoods": null,
    "suburbs": null,
    "villages": null,
    "towns": "Chester",
    "city": null,
    "county": "Chester",
    "state": "SC"
  },
  {
    "zip_code": "29707",
    "neighborhoods": "Sun City Carolina Lakes",
    "suburbs": "Indian Land",
    "villages": null,
    "towns": null,
    "city": null,
    "county": "Lancaster",
    "state": "SC"
  },
  {
    "zip_code": "29708",
    "neighborhoods": "Baxter Village, Lake Wylie (partial)",
    "suburbs": "Tega Cay",
    "villages": null,
    "towns": "Fort Mill",
    "city": null,
    "county": "York",
    "state": "SC"
  },
  {
    "zip_code": "29710",
    "neighborhoods": null,
    "suburbs": null,
    "villages": null,
    "towns": "Clover",
    "city": null,
    "county": "York",
    "state": "SC"
  },
  {
    "zip_code": "29715",
    "neighborhoods": "Baxter Village, Lake Wylie (partial)",
    "suburbs": "Tega Cay",
    "villages": null,
    "towns": "Fort Mill",
    "city": null,
    "county": "York",
    "state": "SC"
  },
  {
    "zip_code": "29720",
    "neighborhoods": null,
    "suburbs": null,
    "villages": null,
    "towns": "Lancaster",
    "city": null,
    "county": "Lancaster",
    "state": "SC"
  },
  {
    "zip_code": "29730",
    "neighborhoods": null,
    "suburbs": null,
    "villages": null,
    "towns": "Rock Hill",
    "city": null,
    "county": "York",
    "state": "SC"
  },
  {
    "zip_code": "29732",
    "neighborhoods": null,
    "suburbs": null,
    "villages": null,
    "towns": "Rock Hill",
    "city": null,
    "county": "York",
    "state": "SC"
  },
  {
    "zip_code": "29733",
    "neighborhoods": null,
    "suburbs": null,
    "villages": null,
    "towns": "Rock Hill",
    "city": null,
    "county": "York",
    "state": "SC"
  },
  {
    "zip_code": "29745",
    "neighborhoods": null,
    "suburbs": null,
    "villages": null,
    "towns": "York",
    "city": null,
    "county": "York",
    "state": "SC"
  },
  {
    "zip_code": "28075",
    "neighborhoods": null,
    "suburbs": null,
    "villages": null,
    "towns": "Harrisburg",
    "city": null,
    "county": "Cabarrus",
    "state": "NC"
  }
]